{
  "testCase": "Retail Model (Read-Heavy)",
  "businessModel": "retail",
  "workloadRatio": "90% Read / 10% Write",
  "timestamp": "2025-12-26T17:06:01.114Z",
  "duration": 634435.5623,
  "vus": {
    "max": 1000
  },
  "throughput": {
    "totalRequests": 54347,
    "readRequests": 46464,
    "writeRequests": 7883,
    "rps": 85.66196983500967
  },
  "latency": {
    "overall": {
      "avg": 9693.362176873763,
      "p50": 94.5536,
      "p90": 24886.99634,
      "p95": 58746.11099999999,
      "p99": 59752.678931999995
    },
    "read": {
      "avg": 5002.576144972451,
      "p95": 22021.85
    },
    "write": {
      "avg": 36151.92578967398,
      "p95": 59836.9
    },
    "catalogue": {
      "avg": 4181.6307456274935,
      "p95": 21664
    }
  },
  "successRate": {
    "overall": 0.9552137192485326,
    "read": 0.9995910812672176,
    "write": 0.6936445515666625
  },
  "errorRate": 0.04397688278851364,
  "ordersCompleted": 2805,
  "productsViewed": 32590
}