{
  "testCase": "Subscription Model (Complex Logic)",
  "businessModel": "subscription",
  "workloadCharacteristics": "Complex business logic, transactions between billing-svc and subscription-svc",
  "timestamp": "2025-12-27T03:56:32.957Z",
  "duration": 97143.5831,
  "vus": {
    "max": 100
  },
  "throughput": {
    "totalRequests": 10680,
    "subscriptionOps": 3431,
    "billingOps": 4968,
    "rps": 109.94035487661561
  },
  "latency": {
    "overall": {
      "avg": 186.1372927395486,
      "p50": 79.0067,
      "p90": 424.45723999999973,
      "p95": 780.4197199999991,
      "p99": 1382.9538199999984
    },
    "subscription": {
      "avg": 156.04226173127367,
      "p95": 728.5
    },
    "billing": {
      "avg": 180.7236312399356,
      "p95": 729
    },
    "complexOperations": {
      "avg": 84.86277873070325,
      "p95": 208.39999999999986
    }
  },
  "successRate": {
    "overall": 0.9453183520599251,
    "subscription": 0.8300786942582338,
    "billing": 0.9997987117552335
  },
  "errorRate": 0.05401405845357011,
  "operations": {
    "subscriptionsCreated": 0,
    "subscriptionsCancelled": 0,
    "subscriptionsRenewed": 0,
    "planChanges": 0,
    "invoicesCreated": 0,
    "paymentsInitiated": 0
  },
  "resourceUsageExpected": {
    "cpu": "~78% (Higher due to complex calculations)",
    "memory": "~40%",
    "notes": "Subscription model requires more CPU for period calculations, proration, and billing logic"
  }
}