{
  "options": {
    "summaryTimeUnit": "",
    "noColor": false,
    "summaryTrendStats": [
      "avg",
      "min",
      "med",
      "max",
      "p(90)",
      "p(95)"
    ]
  },
  "state": {
    "isStdOutTTY": true,
    "isStdErrTTY": true,
    "testRunDurationMs": 901025.4298
  },
  "metrics": {
    "http_req_connecting": {
      "values": {
        "p(90)": 0,
        "p(95)": 0,
        "avg": 0.004938139031647283,
        "min": 0,
        "med": 0,
        "max": 11.2288
      },
      "type": "trend",
      "contains": "time"
    },
    "http_req_sending": {
      "type": "trend",
      "contains": "time",
      "values": {
        "p(95)": 0.4476049999999802,
        "avg": 0.056264417094941864,
        "min": 0,
        "med": 0,
        "max": 165.5597,
        "p(90)": 0
      }
    },
    "http_req_duration{name:list_inventory}": {
      "contains": "time",
      "values": {
        "avg": 486.9385653409096,
        "min": 0.5122,
        "med": 259.23855000000003,
        "max": 3731.5258,
        "p(90)": 1289.6482999999998,
        "p(95)": 1832.474925
      },
      "thresholds": {
        "p(95)<5000": {
          "ok": true
        }
      },
      "type": "trend"
    },
    "http_req_waiting": {
      "type": "trend",
      "contains": "time",
      "values": {
        "p(95)": 6600.034724999988,
        "avg": 981.9547383013221,
        "min": 0.5122,
        "med": 110.90365,
        "max": 12565.8554,
        "p(90)": 2943.5667599999965
      }
    },
    "http_req_failed": {
      "thresholds": {
        "rate<0.10": {
          "ok": false
        }
      },
      "type": "rate",
      "contains": "default",
      "values": {
        "rate": 0.14281850148769273,
        "passes": 1056,
        "fails": 6338
      }
    },
    "http_req_duration": {
      "contains": "time",
      "values": {
        "avg": 983.8975436705432,
        "min": 0.5122,
        "med": 110.96325,
        "max": 12597.3011,
        "p(90)": 2948.0488499999965,
        "p(95)": 6607.5930349999935
      },
      "thresholds": {
        "p(95)<8000": {
          "ok": true
        }
      },
      "type": "trend"
    },
    "http_req_duration{name:adjust_stock}": {
      "type": "trend",
      "contains": "time",
      "values": {
        "max": 4782.1246,
        "p(90)": 1963.55505,
        "p(95)": 2668.74385,
        "avg": 722.7568029356062,
        "min": 36.4047,
        "med": 351.17409999999995
      },
      "thresholds": {
        "p(95)<6000": {
          "ok": true
        }
      }
    },
    "http_req_blocked": {
      "type": "trend",
      "contains": "time",
      "values": {
        "min": 0,
        "med": 0,
        "max": 13.4872,
        "p(90)": 0,
        "p(95)": 0,
        "avg": 0.016682972680551803
      }
    },
    "vus_max": {
      "type": "gauge",
      "contains": "default",
      "values": {
        "max": 25,
        "value": 25,
        "min": 25
      }
    },
    "iteration_duration": {
      "type": "trend",
      "contains": "time",
      "values": {
        "avg": 10427.438023863633,
        "min": 2539.9814,
        "med": 12026.751199999999,
        "max": 18552.967,
        "p(90)": 15153.010549999999,
        "p(95)": 15802.637825
      }
    },
    "http_reqs": {
      "type": "counter",
      "contains": "default",
      "values": {
        "count": 7394,
        "rate": 8.206205680167363
      }
    },
    "http_req_duration{expected_response:true}": {
      "type": "trend",
      "contains": "time",
      "values": {
        "p(90)": 3937.56885,
        "p(95)": 7207.369769999988,
        "avg": 1122.0906606342685,
        "min": 0.5122,
        "med": 167.5054,
        "max": 12597.3011
      }
    },
    "http_req_tls_handshaking": {
      "type": "trend",
      "contains": "time",
      "values": {
        "avg": 0,
        "min": 0,
        "med": 0,
        "max": 0,
        "p(90)": 0,
        "p(95)": 0
      }
    },
    "data_received": {
      "type": "counter",
      "contains": "data",
      "values": {
        "count": 5532971491,
        "rate": 6140749.53714475
      }
    },
    "http_req_receiving": {
      "type": "trend",
      "contains": "time",
      "values": {
        "max": 193.3175,
        "p(90)": 5.531059999999999,
        "p(95)": 9.501684999999998,
        "avg": 1.8865409521233418,
        "min": 0,
        "med": 0
      }
    },
    "data_sent": {
      "contains": "data",
      "values": {
        "count": 3545081,
        "rate": 3934.496056106762
      },
      "type": "counter"
    },
    "vus": {
      "values": {
        "max": 25,
        "value": 1,
        "min": 1
      },
      "type": "gauge",
      "contains": "default"
    },
    "checks": {
      "values": {
        "rate": 1,
        "passes": 7392,
        "fails": 0
      },
      "thresholds": {
        "rate>0.90": {
          "ok": true
        }
      },
      "type": "rate",
      "contains": "default"
    },
    "iterations": {
      "type": "counter",
      "contains": "default",
      "values": {
        "rate": 1.1719979981412951,
        "count": 1056
      }
    }
  },
  "setup_data": {
    "authToken": "eyJhbGciOiJIUzI1NiIsInR5cCI6IkpXVCJ9.eyJlbWFpbCI6ImFkbWluMkBkZW1vLmNvbSIsInN1YiI6ImIzMDg3ODFjLTMzNzUtNDEyNi04NjJmLTJkZTE1ZTUxYzBkOSIsIm5hbWUiOiJMaW5oIiwicm9sZSI6ImFkbWluIiwiaWF0IjoxNzY1NTgxMDkwLCJleHAiOjE3NjU2Njc0OTB9.D3zAK_HiJ_e4Fqv4F-ZJSlHrh8XbZ1s-H0-qtfUpjuM",
    "productIds": [
      "ee5391cc-2e33-4324-9437-51727ab59ebf",
      "48ec5500-c53b-4083-89ce-68b494928529",
      "084e3c5f-70c4-41a8-8a06-3387b80825e7",
      "ee718090-8e74-498c-baa1-022d731d2712",
      "ae0a0bd9-e005-4d50-bc94-8b6c58884a8b",
      "8a7e7d68-d211-4859-8527-fe0e12c7b692",
      "713131eb-afd9-4954-aaf6-1dcc06a82827",
      "8f2bbbc7-d9fa-4748-8f81-4a9cb850779d",
      "b5374673-0332-4de9-8e6e-c863a427072f",
      "3fdc15f9-7ef6-4c58-a4de-9d1185b953e1",
      "4828f21d-666e-4305-9ac6-66f3938b30f5",
      "cadf6dab-702e-4b2e-822e-8e8ffdba0bf8",
      "6192f132-22d6-4186-bf21-37311fc40bc7",
      "9085042a-7ee2-4b78-8e3c-7397692ca3ae",
      "6147219d-9196-4e0d-82e1-c9b8c2b7adb3",
      "a10b18a8-6b32-48a8-a93a-fe244400f02b",
      "7f718fe6-e71c-4c88-b18d-5aa83667d85a",
      "67d3667a-d739-4bb5-a37f-1862b006dc3d",
      "95f94b82-af7e-4cc0-aa86-c2952f22b001",
      "ae908539-bb1e-4e8c-8012-5782b8661142",
      "375c099d-b42c-4a44-916d-bd4ea6329684",
      "9f9cf0c6-6570-4997-b909-e98863c64806",
      "c74a7a27-91e0-4990-b8fe-255092e3188f",
      "61f5f178-3e34-4d54-b79e-5b107c063f19",
      "fee5f809-5369-4143-9869-f27469be4088",
      "062059e9-8452-4214-b556-176d7d250b16",
      "44f323e4-79a8-4db4-bf45-945fca7469f0",
      "e169ce44-e5c3-4d11-a2b0-bfd5cd732606",
      "02380882-dbb2-46b9-b5bc-3d702213edf9",
      "52c18bcd-4d55-4fb0-9b45-503fc4ee19d6",
      "a88fefb4-0449-4ec4-a9eb-71743daefee3",
      "e8efae58-8552-4596-a50b-641d5be7023b",
      "bfa935f6-1652-495c-82ad-c966a3153c51",
      "11ed8495-e74e-4cfd-a47d-d79726c7959e",
      "006d449c-a2dc-4ce5-ac6c-604f8b2b7895",
      "db804ed4-0574-4956-918a-678d577060e3",
      "807b82d9-fa26-42ed-8412-5a91e9c19b8d",
      "2dd850cc-6d32-46d1-882f-a9088311663d",
      "74155c12-13ff-4a42-affa-94863b668385",
      "eb3789cb-b7a9-491e-8dc1-71c9e5ff9f0c",
      "6b8ccc2f-fc16-49dc-98ef-fe15439c724a",
      "4b4f1508-4949-4105-80d9-719b0fea8b23",
      "1f4a0c72-b355-470f-9d7a-4a3d215ca99e",
      "fd14ee04-97c0-4c39-b21d-e7b156769227",
      "5b7d70b4-0e98-4274-8699-50efcc3d7e92",
      "95555c9e-03f4-4170-8d70-90d8484b17ad",
      "20a6203d-f57e-4c58-8bd4-0761c9aef168",
      "95d91ad3-04d4-4251-b904-b29f9e60c0c0",
      "7c507ef6-33d7-49fc-89fb-c5eb7d2af52c",
      "fb927efb-a14f-42d5-88a7-f1c614a0a0a7"
    ]
  },
  "root_group": {
    "name": "",
    "path": "",
    "id": "d41d8cd98f00b204e9800998ecf8427e",
    "groups": [],
    "checks": [
        {
          "fails": 0,
          "name": "list 2xx/4xx",
          "path": "::list 2xx/4xx",